"Date","Price","Open","High","Low","Vol.","Change %"
"06/07/2026","95.707","95.325","95.760","95.085","","0.80%"
"05/31/2026","94.950","94.975","95.800","94.733","","-0.06%"
"05/24/2026","95.010","95.355","95.798","94.961","","-0.72%"
"05/17/2026","95.700","96.170","96.965","95.685","","-0.28%"
"05/10/2026","95.970","94.955","96.144","94.885","","1.62%"
"05/03/2026","94.441","94.955","95.466","94.075","","-0.49%"
"04/26/2026","94.905","94.255","95.337","94.103","","0.69%"
"04/19/2026","94.250","92.710","94.313","92.631","","1.78%"
"04/12/2026","92.603","93.318","93.503","92.444","","-0.52%"
"04/05/2026","93.090","92.838","93.204","92.313","","0.41%"
"03/29/2026","92.710","93.048","95.220","92.614","","-2.19%"
"03/22/2026","94.782","93.743","94.988","92.911","","1.16%"
"03/15/2026","93.692","92.449","93.826","92.147","","1.24%"
"03/08/2026","92.540","92.330","92.572","91.674","","0.66%"
"03/01/2026","91.933","91.234","92.311","91.167","","0.94%"
"02/22/2026","91.076","90.765","91.142","90.680","","0.38%"
"02/15/2026","90.730","90.596","91.211","90.536","","0.19%"
"02/08/2026","90.555","90.518","90.846","90.373","","-0.05%"
"02/01/2026","90.596","91.778","92.023","90.022","","-1.20%"
"01/25/2026","91.694","91.531","92.220","91.418","","0.02%"
"01/18/2026","91.675","90.717","91.988","90.610","","1.06%"
"01/11/2026","90.709","90.257","90.891","89.983","","0.52%"
"01/04/2026","90.244","90.131","90.318","89.730","","0.26%"
"12/28/2025","90.014","89.837","90.255","89.687","","0.24%"
"12/21/2025","89.796","89.542","89.962","89.408","","0.24%"
"12/14/2025","89.577","90.550","91.082","89.255","","-1.11%"
"12/07/2025","90.584","89.962","90.652","89.763","","0.71%"
"11/30/2025","89.945","89.325","90.462","89.325","","0.66%"
"11/23/2025","89.357","89.527","89.538","88.979","","-0.32%"
"11/16/2025","89.641","88.705","89.734","88.416","","1.07%"
"11/09/2025","88.689","88.650","88.831","88.421","","0.03%"
"11/02/2025","88.665","88.722","88.806","88.332","","-0.12%"
"10/26/2025","88.769","87.786","88.814","87.785","","1.06%"
"10/19/2025","87.836","87.956","88.092","87.612","","-0.19%"
"10/12/2025","88.003","88.726","88.827","87.611","","-0.85%"
"10/05/2025","88.757","88.763","88.877","88.494","","0.02%"
"09/28/2025","88.735","88.661","88.886","88.578","","0.07%"
"09/21/2025","88.677","88.181","88.939","88.116","","0.65%"
"09/14/2025","88.100","88.279","88.343","87.662","","-0.20%"
"09/07/2025","88.277","88.153","88.499","87.922","","0.10%"
"08/31/2025","88.187","88.175","88.367","87.825","","0.01%"
"08/24/2025","88.174","87.310","88.313","87.274","","0.97%"
"08/17/2025","87.331","87.545","87.560","86.921","","-0.21%"
"08/10/2025","87.513","87.541","87.764","87.380","","0.03%"
"08/03/2025","87.489","87.284","87.977","87.155","","0.28%"
"07/27/2025","87.245","86.481","87.846","86.402","","0.86%"
"07/20/2025","86.503","86.134","86.641","86.132","","0.41%"
"07/13/2025","86.150","85.824","86.244","85.731","","0.38%"
"07/06/2025","85.825","85.575","86.043","85.533","","0.38%"
"06/29/2025","85.497","85.479","85.845","85.183","","0.05%"
"06/22/2025","85.455","86.788","86.871","85.422","","-1.30%"
"06/15/2025","86.580","86.149","86.916","85.782","","0.55%"
"06/08/2025","86.108","85.803","86.217","85.401","","0.38%"
"06/01/2025","85.786","85.504","86.045","85.292","","0.31%"
"05/25/2025","85.525","85.037","85.737","84.785","","0.38%"
"05/18/2025","85.200","85.463","86.115","85.111","","-0.35%"
"05/11/2025","85.500","84.695","85.741","84.592","","0.11%"
"05/04/2025","85.409","84.491","85.952","84.114","","1.04%"
"04/27/2025","84.527","85.382","85.420","83.765","","-1.00%"
"04/20/2025","85.385","85.378","85.671","85.025","","-0.08%"
"04/13/2025","85.457","86.036","86.110","85.313","","-0.86%"
"04/06/2025","86.200","85.611","86.751","85.568","","0.82%"
"03/30/2025","85.502","85.459","85.813","84.932","","-0.04%"
"03/23/2025","85.534","85.990","86.046","85.403","","-0.53%"
"03/16/2025","85.990","86.957","86.973","85.916","","-1.09%"
"03/09/2025","86.941","87.139","87.396","86.871","","-0.18%"
"03/02/2025","87.100","87.449","87.449","86.854","","-0.42%"
"02/23/2025","87.466","86.655","87.559","86.506","","1.03%"
"02/16/2025","86.572","86.676","86.987","86.456","","-0.06%"
"02/09/2025","86.620","87.994","87.997","86.327","","-1.15%"
"02/02/2025","87.627","86.916","87.676","86.892","","1.26%"
"01/26/2025","86.536","86.244","86.682","86.234","","0.39%"
"01/19/2025","86.200","86.564","86.624","86.150","","-0.43%"
"01/12/2025","86.571","86.178","86.729","86.094","","0.47%"
"01/05/2025","86.165","85.816","86.195","85.601","","0.47%"
"12/29/2024","85.761","85.437","85.836","85.426","","0.44%"
"12/22/2024","85.388","84.960","85.823","84.925","","0.52%"
"12/15/2024","84.947","84.846","85.149","84.794","","0.19%"
"12/08/2024","84.782","84.704","84.921","84.675","","0.13%"
"12/01/2024","84.668","84.572","84.801","84.529","","0.13%"
"11/24/2024","84.559","84.408","84.640","84.225","","0.16%"
"11/17/2024","84.426","84.444","84.530","84.340","","0.00%"
"11/10/2024","84.424","84.375","84.495","84.354","","0.03%"
"11/03/2024","84.395","84.101","84.400","84.083","","0.37%"
"10/27/2024","84.080","84.081","84.115","84.046","","-0.02%"
"10/20/2024","84.095","84.083","84.111","84.056","","0.04%"
"10/13/2024","84.065","84.083","84.100","84.004","","-0.04%"
"10/06/2024","84.101","83.978","84.101","83.888","","0.09%"
"09/29/2024","84.023","83.667","84.023","83.664","","0.37%"
"09/22/2024","83.710","83.476","83.715","83.435","","0.27%"
"09/15/2024","83.485","83.871","83.914","83.453","","-0.47%"
"09/08/2024","83.880","83.940","83.991","83.827","","-0.13%"
"09/01/2024","83.985","83.870","83.992","83.845","","0.14%"
"08/25/2024","83.867","83.801","83.967","83.776","","0.07%"
"08/18/2024","83.809","83.860","83.965","83.711","","-0.08%"
"08/11/2024","83.880","83.894","83.989","83.875","","-0.08%"
"08/04/2024","83.945","83.788","84.165","83.753","","0.18%"
"07/28/2024","83.794","83.697","83.795","83.629","","0.11%"
"07/21/2024","83.703","83.711","83.784","83.597","","-0.03%"
"07/14/2024","83.724","83.502","83.725","83.474","","0.25%"
"07/07/2024","83.513","83.490","83.592","83.428","","0.02%"
"06/30/2024","83.500","83.356","83.565","83.344","","0.17%"
"06/23/2024","83.355","83.558","83.610","83.313","","-0.24%"
"06/16/2024","83.558","83.518","83.665","83.303","","0.01%"
"06/09/2024","83.547","83.501","83.622","83.419","","0.03%"
"06/02/2024","83.521","83.119","83.649","82.948","","0.12%"
"05/26/2024","83.424","83.040","83.478","83.018","","0.44%"
"05/19/2024","83.060","83.297","83.360","83.004","","-0.26%"
"05/12/2024","83.280","83.497","83.561","83.257","","-0.31%"
"05/05/2024","83.541","83.362","83.542","83.361","","0.20%"
"04/28/2024","83.376","83.356","83.525","83.298","","-0.03%"
"04/21/2024","83.400","83.417","83.445","83.239","","0.05%"
"04/14/2024","83.358","83.472","83.739","83.344","","-0.22%"
"04/07/2024","83.540","83.316","83.604","83.134","","0.30%"
"03/31/2024","83.293","83.314","83.566","83.228","","-0.07%"
"03/24/2024","83.350","83.455","83.520","83.239","","-0.28%"
"03/17/2024","83.582","82.861","83.717","82.820","","0.84%"
"03/10/2024","82.883","82.749","82.972","82.640","","0.17%"
"03/03/2024","82.739","82.818","82.927","82.641","","-0.12%"
"02/25/2024","82.841","82.845","82.945","82.822","","-0.02%"
"02/18/2024","82.859","82.982","83.042","82.793","","-0.19%"
"02/11/2024","83.013","82.996","83.115","82.942","","0.02%"
"02/04/2024","83.000","82.983","83.084","82.887","","0.00%"
"01/28/2024","82.999","83.144","83.158","82.821","","-0.14%"
"01/21/2024","83.115","83.072","83.174","83.040","","0.03%"
"01/14/2024","83.086","82.830","83.203","82.770","","0.28%"
"01/07/2024","82.857","83.096","83.180","82.754","","-0.30%"
"12/31/2023","83.103","83.235","83.348","83.040","","-0.10%"
"12/24/2023","83.190","83.174","83.350","83.095","","0.03%"
"12/17/2023","83.166","82.990","83.280","82.905","","0.18%"
"12/10/2023","83.020","83.388","83.433","82.909","","-0.49%"
"12/03/2023","83.425","83.212","83.450","83.210","","0.20%"
"11/26/2023","83.260","83.294","83.408","83.228","","-0.10%"
"11/19/2023","83.340","83.235","83.404","83.215","","0.12%"
"11/12/2023","83.244","83.280","83.332","82.894","","-0.08%"
"11/05/2023","83.309","83.091","83.488","83.067","","0.20%"
"10/29/2023","83.140","83.252","83.321","83.119","","-0.15%"
"10/22/2023","83.265","83.131","83.280","82.943","","0.14%"
"10/15/2023","83.150","83.236","83.290","83.002","","-0.13%"
"10/08/2023","83.255","83.160","83.326","83.090","","0.17%"
"10/01/2023","83.118","83.135","83.324","83.104","","0.11%"
"09/24/2023","83.030","83.028","83.297","82.995","","0.07%"
"09/17/2023","82.970","83.078","83.339","82.747","","-0.12%"
"09/10/2023","83.069","82.940","83.185","82.802","","0.08%"
"09/03/2023","83.004","82.643","83.247","82.634","","0.38%"
"08/27/2023","82.689","82.556","82.820","82.522","","0.06%"
"08/20/2023","82.637","83.164","83.198","82.354","","-0.61%"
"08/13/2023","83.140","82.867","83.441","82.867","","0.33%"
"08/06/2023","82.870","82.712","82.957","82.562","","0.24%"
"07/30/2023","82.668","82.198","82.865","82.198","","0.54%"
"07/23/2023","82.225","82.005","82.349","81.662","","0.30%"
"07/16/2023","81.980","82.122","82.205","81.887","","-0.08%"
"07/09/2023","82.049","82.640","82.684","81.915","","-0.68%"
"07/02/2023","82.610","82.031","82.810","81.750","","0.63%"
"06/25/2023","82.091","81.945","82.123","81.915","","0.14%"
"06/18/2023","81.980","81.971","82.168","81.862","","0.09%"
"06/11/2023","81.910","82.433","82.492","81.820","","-0.64%"
"06/04/2023","82.440","82.429","82.680","82.389","","0.05%"
"05/28/2023","82.398","82.561","82.788","82.252","","-0.21%"
"05/21/2023","82.570","82.793","82.890","82.517","","-0.37%"
"05/14/2023","82.878","82.219","82.926","82.153","","0.86%"
"05/07/2023","82.173","81.682","82.225","81.644","","0.58%"
"04/30/2023","81.700","81.790","81.945","81.645","","-0.02%"
"04/23/2023","81.720","82.068","82.107","81.576","","-0.38%"
"04/16/2023","82.030","81.888","82.339","81.839","","0.26%"
"04/09/2023","81.820","81.818","82.145","81.542","","-0.05%"
"04/02/2023","81.860","82.362","82.472","81.760","","-0.37%"
"03/26/2023","82.160","82.345","82.425","82.009","","-0.21%"
"03/19/2023","82.334","82.490","82.719","82.027","","-0.23%"
"03/12/2023","82.520","81.672","82.892","81.672","","0.68%"
"03/05/2023","81.960","81.749","82.295","81.590","","0.34%"
"02/26/2023","81.680","82.857","82.948","81.680","","-1.47%"
"02/19/2023","82.897","82.691","82.998","82.534","","0.18%"
"02/12/2023","82.750","82.552","83.019","82.551","","0.29%"
"02/05/2023","82.510","82.383","82.878","82.310","","0.37%"
"01/29/2023","82.206","81.521","82.310","81.431","","0.85%"
"01/22/2023","81.510","80.903","81.775","80.859","","0.66%"
"01/15/2023","80.979","81.222","81.888","80.956","","-0.37%"
"01/08/2023","81.280","82.206","82.442","81.100","","-1.20%"
"01/01/2023","82.270","82.660","83.011","82.270","","-0.54%"
"12/25/2022","82.717","82.770","82.928","82.512","","-0.08%"
"12/18/2022","82.780","82.750","82.961","82.542","","0.09%"
"12/11/2022","82.706","82.408","82.965","82.352","","0.36%"
"12/04/2022","82.410","81.250","82.765","81.180","","1.23%"
"11/27/2022","81.410","81.790","81.832","80.980","","-0.34%"
"11/20/2022","81.685","81.643","81.922","81.417","","0.08%"
"11/13/2022","81.617","80.500","81.829","80.500","","1.42%"
"11/06/2022","80.477","82.050","82.320","80.456","","-1.81%"
"10/30/2022","81.962","82.359","82.969","81.958","","-0.36%"
"10/23/2022","82.261","82.598","82.864","81.938","","-0.32%"
"10/16/2022","82.529","82.400","83.262","81.998","","0.23%"
"10/09/2022","82.340","82.680","82.695","82.084","","-0.58%"
"10/02/2022","82.820","81.504","82.820","81.265","","1.61%"
"09/25/2022","81.509","81.310","82.005","81.142","","0.32%"
"09/18/2022","81.250","79.686","81.266","79.569","","1.96%"
"09/11/2022","79.686","79.648","79.858","78.998","","0.06%"
"09/04/2022","79.635","79.900","79.957","79.434","","-0.10%"
"08/28/2022","79.717","79.974","80.130","79.273","","-0.31%"
"08/21/2022","79.961","79.876","79.994","79.665","","0.05%"
"08/14/2022","79.920","79.643","79.920","79.138","","0.35%"
"08/07/2022","79.641","79.400","79.745","79.001","","0.35%"
"07/31/2022","79.360","79.170","79.813","78.380","","0.03%"
"07/24/2022","79.336","79.757","79.974","79.160","","-0.62%"
"07/17/2022","79.830","79.788","80.065","79.687","","0.09%"
"07/10/2022","79.760","79.250","80.210","79.250","","0.63%"
"07/03/2022","79.260","78.954","79.410","78.841","","0.42%"
"06/26/2022","78.928","78.263","79.131","78.176","","0.89%"
"06/19/2022","78.230","77.975","78.390","77.851","","0.38%"
"06/12/2022","77.935","78.168","78.306","77.889","","-0.23%"
"06/05/2022","78.116","77.661","78.180","77.537","","0.67%"
"05/29/2022","77.592","77.578","77.723","77.360","","0.00%"
"05/22/2022","77.596","77.650","77.710","77.417","","-0.33%"
"05/15/2022","77.850","77.490","77.888","77.352","","0.49%"
"05/08/2022","77.470","76.972","77.630","76.972","","0.67%"
"05/01/2022","76.956","76.500","77.057","75.985","","0.57%"
"04/24/2022","76.520","76.528","76.789","76.249","","0.08%"
"04/17/2022","76.460","76.285","76.545","76.058","","0.20%"
"04/10/2022","76.305","75.940","76.339","75.779","","0.48%"
"04/03/2022","75.938","75.900","76.055","75.238","","-0.05%"
"03/27/2022","75.973","76.310","76.380","75.539","","-0.40%"
"03/20/2022","76.280","76.029","76.520","75.968","","0.30%"
"03/13/2022","76.050","76.634","76.700","75.730","","-0.57%"
"03/06/2022","76.483","76.650","77.159","76.051","","0.10%"
"02/27/2022","76.410","75.740","76.423","75.255","","1.80%"
"02/20/2022","75.060","74.567","75.820","74.326","","0.52%"
"02/13/2022","74.670","75.543","75.721","74.452","","-0.86%"
"02/06/2022","75.319","74.670","75.501","74.570","","0.91%"
"01/30/2022","74.640","75.008","75.050","74.405","","-0.53%"
"01/23/2022","75.034","74.346","75.308","74.281","","0.88%"
"01/16/2022","74.383","74.165","74.720","74.120","","0.31%"
"01/09/2022","74.151","74.210","74.230","73.741","","-0.16%"
"01/02/2022","74.271","74.458","74.703","74.239","","-0.26%"
"12/26/2021","74.467","74.999","75.170","74.087","","-0.68%"
"12/19/2021","74.975","76.020","76.178","74.969","","-1.33%"
"12/12/2021","75.985","75.670","76.408","75.565","","0.39%"
"12/05/2021","75.692","75.176","75.859","75.176","","0.62%"
"11/28/2021","75.224","74.809","75.332","74.781","","0.25%"
"11/21/2021","75.040","74.330","75.080","74.281","","0.95%"
"11/14/2021","74.333","74.344","74.530","74.010","","-0.01%"
"11/07/2021","74.342","74.207","74.590","73.829","","0.23%"
"10/31/2021","74.174","74.930","75.040","74.154","","-0.99%"
"10/24/2021","74.915","74.940","75.177","74.735","","-0.10%"
"10/17/2021","74.994","75.021","75.389","74.667","","-0.03%"
"10/10/2021","75.013","75.100","75.665","74.866","","-0.13%"
"10/03/2021","75.112","74.127","75.178","74.115","","1.32%"
"09/26/2021","74.131","73.680","74.370","73.605","","0.43%"
"09/19/2021","73.813","73.818","73.930","73.550","","0.23%"
"09/12/2021","73.640","73.540","73.782","73.330","","0.17%"
"09/05/2021","73.517","72.990","73.871","72.965","","0.73%"
"08/29/2021","72.982","73.449","73.550","72.903","","-0.66%"
"08/22/2021","73.470","74.246","74.306","73.449","","-1.18%"
"08/15/2021","74.347","74.222","74.478","74.113","","0.15%"
"08/08/2021","74.239","74.235","74.504","74.098","","0.00%"
"08/01/2021","74.240","74.340","74.430","74.039","","-0.13%"
"07/25/2021","74.337","74.432","74.540","74.216","","-0.12%"
"07/18/2021","74.425","74.674","75.026","74.301","","-0.24%"
"07/11/2021","74.606","74.522","74.670","74.396","","0.16%"
"07/04/2021","74.485","74.524","74.865","74.234","","-0.04%"
"06/27/2021","74.512","74.154","74.881","74.154","","0.41%"
"06/20/2021","74.210","74.092","74.408","74.041","","0.15%"
"06/13/2021","74.100","73.252","74.281","73.097","","1.17%"
"06/06/2021","73.240","72.893","73.257","72.738","","0.52%"
"05/30/2021","72.860","72.370","73.323","72.340","","0.64%"
"05/23/2021","72.400","72.856","72.978","72.310","","-0.57%"
"05/16/2021","72.817","73.276","73.330","72.749","","-0.65%"
"05/09/2021","73.290","73.273","73.652","73.179","","0.05%"
"05/02/2021","73.252","74.250","74.325","73.246","","-1.08%"
"04/25/2021","74.050","74.723","74.914","73.940","","-1.16%"
"04/18/2021","74.920","74.546","75.561","74.505","","0.52%"
"04/11/2021","74.530","74.958","75.537","74.283","","-0.26%"
"04/04/2021","74.722","73.311","74.975","73.205","","1.84%"
"03/28/2021","73.370","72.524","73.623","72.473","","1.05%"
"03/21/2021","72.610","72.440","72.723","72.263","","0.29%"
"03/14/2021","72.401","72.656","72.784","72.314","","-0.38%"
"03/07/2021","72.680","73.195","73.399","72.570","","-0.68%"
"02/28/2021","73.180","73.583","73.780","72.592","","-1.00%"
"02/21/2021","73.920","72.546","74.055","72.258","","1.89%"
"02/14/2021","72.550","72.598","72.961","72.407","","-0.04%"
"02/07/2021","72.580","72.800","72.999","72.550","","-0.32%"
"01/31/2021","72.810","72.898","73.190","72.765","","-0.09%"
"01/24/2021","72.877","72.948","73.180","72.780","","-0.14%"
"01/17/2021","72.980","73.121","73.320","72.878","","-0.19%"
"01/10/2021","73.120","73.421","73.581","72.912","","-0.29%"
"01/03/2021","73.330","73.079","73.485","72.817","","0.29%"